date,store_id,product_id,quantity,price,region,category,stock_level,holiday,temperature
2023-01-01,1,101,10,18.491372260303,North,Electronics,57.0,1,8.603740218286765
2023-01-01,1,102,41,34.06297729165911,North,Clothing,65.0,1,8.603740218286765
2023-01-01,1,103,38,28.724558899310022,North,Unknown,48.0,1,8.603740218286765
2023-01-01,2,101,10,46.48484319148136,South,Electronics,11.0,1,8.603740218286765
2023-01-01,2,102,10,35.82415586309569,South,Clothing,97.0,1,8.603740218286765
2023-01-01,2,103,44,24.45658548095977,South,Unknown,58.0,1,8.603740218286765
2023-01-01,3,101,10,13.235620330863151,North,Electronics,45.0,1,8.603740218286765
2023-01-01,3,102,29,34.37608024603098,North,Clothing,12.0,1,8.603740218286765
2023-01-01,3,103,23,26.669465063120846,North,Unknown,88.0,1,8.603740218286765
2023-01-02,1,101,20,33.72557075829916,North,Electronics,4.0,0,24.118325498444182
2023-01-02,1,102,3,32.46502024899133,North,Clothing,65.0,0,24.118325498444182
2023-01-02,1,103,7,29.11224580128866,North,Unknown,35.0,0,24.118325498444182
2023-01-02,2,101,17,16.828535134009783,South,Electronics,90.0,0,24.118325498444182
2023-01-02,2,102,28,35.24845327425532,South,Clothing,10.0,0,24.118325498444182
2023-01-02,2,103,9,17.038557555520512,South,Unknown,77.0,0,24.118325498444182
2023-01-02,3,101,24,34.059931920346365,North,Electronics,20.0,0,24.118325498444182
2023-01-02,3,102,24,11.438373727724182,North,Clothing,20.0,0,24.118325498444182
2023-01-02,3,103,5,26.68530263632377,North,Unknown,21.0,0,24.118325498444182
2023-01-03,1,101,14,17.061666079603224,North,Electronics,4.0,1,23.45407037344742
2023-01-03,1,102,10,22.83010609318786,North,Clothing,65.0,1,23.45407037344742
2023-01-03,1,103,33,29.87462564263883,North,Unknown,67.0,1,23.45407037344742
2023-01-03,2,101,25,23.013896600909124,South,Electronics,1.0,1,23.45407037344742
2023-01-03,2,102,14,20.345213365182737,South,Clothing,9.0,1,23.45407037344742
2023-01-03,2,103,20,26.648847015085742,South,Unknown,88.0,1,23.45407037344742
2023-01-03,3,101,6,7.6173707977464105,North,Electronics,98.0,1,23.45407037344742
2023-01-03,3,102,9,12.560639348518855,North,Clothing,7.0,1,23.45407037344742
2023-01-03,3,103,19,20.742851163929508,North,Unknown,91.0,1,23.45407037344742
2023-01-04,1,101,16,34.515240406785765,North,Electronics,93.0,0,17.537322740179896
2023-01-04,1,102,5,10.90467559049531,North,Clothing,65.0,0,17.537322740179896
2023-01-04,1,103,8,26.16511257133492,North,Unknown,77.0,0,17.537322740179896
2023-01-04,2,101,37,21.59876721029405,South,Electronics,12.0,0,17.537322740179896
2023-01-04,2,102,28,29.128347788172135,South,Clothing,14.0,0,17.537322740179896
2023-01-04,2,103,13,26.88607571409052,South,Unknown,21.0,0,17.537322740179896
2023-01-04,3,102,14,28.435495216924743,North,Clothing,45.0,0,17.537322740179896
2023-01-04,3,103,35,18.604571148985094,North,Unknown,28.0,0,17.537322740179896
2023-01-05,1,101,5,9.5470614954791,North,Electronics,95.0,0,-5.233117934867817
2023-01-05,1,102,16,17.976517422640885,North,Clothing,65.0,0,-5.233117934867817
2023-01-05,1,103,15,20.270077000902372,North,Unknown,40.0,0,-5.233117934867817
2023-01-05,2,101,9,20.3210955951912,South,Electronics,52.0,0,-5.233117934867817
2023-01-05,2,102,26,11.621301333644366,South,Clothing,16.0,0,-5.233117934867817
2023-01-05,2,103,14,26.779816675754518,South,Unknown,29.0,0,-5.233117934867817
2023-01-05,3,101,23,29.852751431413047,North,Electronics,93.0,0,-5.233117934867817
2023-01-05,3,102,15,20.50490396700069,North,Clothing,6.0,0,-5.233117934867817
2023-01-05,3,103,18,37.128110675096124,North,Unknown,12.0,0,-5.233117934867817
2023-01-06,1,101,10,33.060359875920035,North,Electronics,7.0,0,-3.1793782785546885
2023-01-06,1,102,8,8.53721939600815,North,Clothing,65.0,0,-3.1793782785546885
2023-01-06,1,103,14,42.971631264634304,North,Unknown,88.0,0,-3.1793782785546885
2023-01-06,2,101,3,9.350440234102383,South,Electronics,31.0,0,-3.1793782785546885
2023-01-06,2,102,23,33.58274477754381,South,Clothing,39.0,0,-3.1793782785546885
2023-01-06,3,101,20,27.50481416826023,North,Electronics,38.0,0,-3.1793782785546885
2023-01-06,3,102,14,29.13402104543709,North,Clothing,22.0,0,-3.1793782785546885
2023-01-07,1,101,18,31.505927855871803,North,Electronics,63.0,0,-5.780938570949951
2023-01-07,1,102,17,22.946581662813212,North,Clothing,65.0,0,-5.780938570949951
2023-01-07,1,103,13,14.350502137464304,North,Unknown,61.0,0,-5.780938570949951
2023-01-07,2,101,17,27.16076886792379,South,Electronics,94.0,0,-5.780938570949951
2023-01-07,2,102,34,31.072169548256994,South,Clothing,17.0,0,-5.780938570949951
2023-01-07,2,103,16,31.472181948897646,South,Unknown,84.0,0,-5.780938570949951
2023-01-07,3,101,20,29.909052511863823,North,Electronics,11.0,0,-5.780938570949951
2023-01-07,3,102,18,22.489656159643,North,Clothing,95.0,0,-5.780938570949951
2023-01-07,3,103,22,32.155033600295326,North,Unknown,1.0,0,-5.780938570949951
2023-01-08,1,101,8,31.177735201718747,North,Electronics,9.0,1,15.972775247939753
2023-01-08,1,102,36,23.852913952424075,North,Clothing,78.0,1,15.972775247939753
2023-01-08,1,103,26,27.41655126819992,North,Unknown,9.0,1,15.972775247939753
2023-01-08,2,101,7,19.46656454156003,South,Electronics,15.0,1,15.972775247939753
2023-01-08,2,103,21,25.485378186865134,South,Unknown,43.0,1,15.972775247939753
2023-01-08,3,101,21,26.290025910013572,North,Electronics,46.0,1,15.972775247939753
2023-01-08,3,103,20,21.74279756878444,North,Unknown,28.0,1,15.972775247939753
2023-01-09,1,101,25,31.52678442964971,North,Electronics,37.0,1,29.47122986801318
2023-01-09,1,102,19,32.76377623293431,North,Clothing,49.0,1,29.47122986801318
2023-01-09,2,101,32,32.25416436454948,South,Electronics,31.0,1,29.47122986801318
2023-01-09,2,102,31,27.078215646933796,South,Clothing,72.0,1,29.47122986801318
2023-01-09,2,103,6,41.584358242224205,South,Unknown,31.0,1,29.47122986801318
2023-01-09,3,101,9,31.839654752424494,North,Electronics,17.0,1,29.47122986801318
2023-01-09,3,102,8,31.849977168549504,North,Clothing,85.0,1,29.47122986801318
2023-01-09,3,103,26,32.475833228569215,North,Unknown,84.0,1,29.47122986801318
2023-01-10,1,101,38,25.953689536194634,North,Electronics,95.0,0,9.52102305146473
2023-01-10,1,102,8,26.87993650433249,North,Clothing,66.0,0,9.52102305146473
2023-01-10,1,103,36,33.14094002862739,North,Unknown,35.0,0,9.52102305146473
2023-01-10,2,101,7,20.152112134611087,South,Electronics,31.0,0,9.52102305146473
2023-01-10,2,102,20,27.69545242845265,South,Clothing,24.0,0,9.52102305146473
2023-01-10,2,103,23,29.471093913211426,South,Unknown,50.0,0,9.52102305146473
2023-01-10,3,101,22,42.28116819095545,North,Electronics,20.0,0,9.52102305146473
2023-01-10,3,102,23,24.809351628758417,North,Clothing,21.0,0,9.52102305146473
2023-01-10,3,103,27,27.28137923155636,North,Unknown,78.0,0,9.52102305146473
