store_id,product_id,stock_level,forecast_demand,stockout_prob,safety_stock,recommended_stock,reorder_quantity,risk_level,manager_action_reason
1,101,57.0,25.616354830252558,0.64,5.123270966050512,30.73962579630307,0,Medium,Reorder 0 units to cover forecast plus safety stock.
1,102,65.0,25.238793348456483,0.62,5.047758669691297,30.28655201814778,0,Medium,Reorder 0 units to cover forecast plus safety stock.
1,103,48.0,24.45202989733447,0.68,4.890405979466895,29.342435876801364,0,Medium,Reorder 0 units to cover forecast plus safety stock.
2,101,11.0,25.447118474534914,0.54,5.0894236949069835,30.536542169441898,19,Medium,Reorder 19 units to cover forecast plus safety stock.
2,102,97.0,23.85640402879247,0.58,4.771280805758494,28.627684834550962,0,Medium,Reorder 0 units to cover forecast plus safety stock.
2,103,58.0,26.85414286451066,0.56,5.370828572902132,32.22497143741279,0,Medium,Reorder 0 units to cover forecast plus safety stock.
3,101,45.0,24.660355023412905,0.58,4.932071004682581,29.592426028095485,0,Medium,Reorder 0 units to cover forecast plus safety stock.
3,102,12.0,26.613023689455826,0.68,5.322604737891165,31.93562842734699,19,Medium,Reorder 19 units to cover forecast plus safety stock.
3,103,88.0,26.53291046578863,0.64,5.306582093157726,31.839492558946354,0,Medium,Reorder 0 units to cover forecast plus safety stock.
1,101,4.0,26.68232381370322,0.64,5.336464762740644,32.01878857644387,28,Medium,Reorder 28 units to cover forecast plus safety stock.
1,102,65.0,25.22774541637814,0.64,5.0455490832756285,30.27329449965377,0,Medium,Reorder 0 units to cover forecast plus safety stock.
1,103,35.0,23.724391071038944,0.68,4.744878214207789,28.46926928524673,0,Medium,Reorder 0 units to cover forecast plus safety stock.
2,101,90.0,24.30609537462517,0.62,4.861219074925034,29.167314449550204,0,Medium,Reorder 0 units to cover forecast plus safety stock.
2,102,10.0,25.5813104304245,0.7,5.116262086084901,30.697572516509403,20,High,Reorder 20 units to cover forecast plus safety stock.
2,103,77.0,23.72918066500837,0.54,4.745836133001674,28.475016798010046,0,Medium,Reorder 0 units to cover forecast plus safety stock.
3,101,20.0,26.74730573696927,0.64,5.349461147393854,32.09676688436313,12,Medium,Reorder 12 units to cover forecast plus safety stock.
3,102,20.0,26.42134751904285,0.66,5.28426950380857,31.70561702285142,11,Medium,Reorder 11 units to cover forecast plus safety stock.
3,103,21.0,25.838306380213616,0.7,5.167661276042724,31.005967656256338,10,High,Reorder 10 units to cover forecast plus safety stock.
1,101,4.0,24.98149733051107,0.66,4.996299466102214,29.977796796613283,25,Medium,Reorder 25 units to cover forecast plus safety stock.
1,102,65.0,25.714281709173807,0.66,5.1428563418347615,30.85713805100857,0,Medium,Reorder 0 units to cover forecast plus safety stock.
1,103,67.0,23.698667868036228,0.7,4.7397335736072455,28.438401441643474,0,High,Reorder 0 units to cover forecast plus safety stock.
2,101,1.0,24.447818731350154,0.68,4.889563746270031,29.337382477620185,28,Medium,Reorder 28 units to cover forecast plus safety stock.
2,102,9.0,24.554655858891547,0.7,4.9109311717783095,29.465587030669855,20,High,Reorder 20 units to cover forecast plus safety stock.
2,103,88.0,26.039828348269324,0.56,5.207965669653865,31.24779401792319,0,Medium,Reorder 0 units to cover forecast plus safety stock.
3,101,98.0,25.747911321837513,0.66,5.149582264367503,30.897493586205016,0,Medium,Reorder 0 units to cover forecast plus safety stock.
3,102,7.0,25.93730942170928,0.62,5.1874618843418565,31.124771306051137,24,Medium,Reorder 24 units to cover forecast plus safety stock.
3,103,91.0,25.728959471168196,0.64,5.145791894233639,30.874751365401835,0,Medium,Reorder 0 units to cover forecast plus safety stock.
1,101,93.0,24.343271087448485,0.64,4.868654217489698,29.211925304938184,0,Medium,Reorder 0 units to cover forecast plus safety stock.
1,102,65.0,24.639968787170197,0.66,4.92799375743404,29.567962544604235,0,Medium,Reorder 0 units to cover forecast plus safety stock.
1,103,77.0,25.96054228584726,0.6,5.192108457169453,31.152650743016714,0,Medium,Reorder 0 units to cover forecast plus safety stock.
2,101,12.0,26.57716930642073,0.66,5.315433861284146,31.892603167704873,19,Medium,Reorder 19 units to cover forecast plus safety stock.
2,102,14.0,27.23096147879344,0.7,5.446192295758689,32.677153774552124,18,High,Reorder 18 units to cover forecast plus safety stock.
2,103,21.0,25.564868361259215,0.7,5.112973672251844,30.67784203351106,9,High,Reorder 9 units to cover forecast plus safety stock.
3,102,45.0,25.150545970587263,0.68,5.030109194117453,30.180655164704717,0,Medium,Reorder 0 units to cover forecast plus safety stock.
3,103,28.0,25.156591291226825,0.62,5.031318258245365,30.187909549472188,2,Medium,Reorder 2 units to cover forecast plus safety stock.
1,101,95.0,24.371506563025246,0.6,4.874301312605049,29.245807875630295,0,Medium,Reorder 0 units to cover forecast plus safety stock.
1,102,65.0,25.204249423529195,0.68,5.040849884705839,30.245099308235034,0,Medium,Reorder 0 units to cover forecast plus safety stock.
1,103,40.0,25.10973405738496,0.66,5.021946811476992,30.13168086886195,0,Medium,Reorder 0 units to cover forecast plus safety stock.
2,101,52.0,27.45803933274689,0.62,5.491607866549378,32.949647199296265,0,Medium,Reorder 0 units to cover forecast plus safety stock.
2,102,16.0,25.895560362581207,0.68,5.179112072516242,31.074672435097447,15,Medium,Reorder 15 units to cover forecast plus safety stock.
2,103,29.0,25.64024703305099,0.62,5.128049406610199,30.76829643966119,1,Medium,Reorder 1 units to cover forecast plus safety stock.
3,101,93.0,24.533131659628808,0.62,4.906626331925762,29.43975799155457,0,Medium,Reorder 0 units to cover forecast plus safety stock.
3,102,6.0,25.162158949994577,0.7,5.032431789998916,30.194590739993494,24,High,Reorder 24 units to cover forecast plus safety stock.
3,103,12.0,25.09160936796077,0.6,5.018321873592154,30.109931241552925,18,Medium,Reorder 18 units to cover forecast plus safety stock.
1,101,7.0,23.648078902714037,0.68,4.729615780542807,28.377694683256845,21,Medium,Reorder 21 units to cover forecast plus safety stock.
1,102,65.0,23.571444504252128,0.62,4.714288900850426,28.285733405102555,0,Medium,Reorder 0 units to cover forecast plus safety stock.
1,103,88.0,24.8582181338044,0.62,4.97164362676088,29.82986176056528,0,Medium,Reorder 0 units to cover forecast plus safety stock.
2,101,31.0,26.574659524916697,0.68,5.3149319049833395,31.889591429900037,0,Medium,Reorder 0 units to cover forecast plus safety stock.
2,102,39.0,25.15827001414726,0.62,5.031654002829452,30.18992401697671,0,Medium,Reorder 0 units to cover forecast plus safety stock.
3,101,38.0,25.747911321837513,0.66,5.149582264367503,30.897493586205016,0,Medium,Reorder 0 units to cover forecast plus safety stock.
3,102,22.0,25.234582182472167,0.7,5.046916436494434,30.2814986189666,8,High,Reorder 8 units to cover forecast plus safety stock.
1,101,63.0,26.01947888847375,0.58,5.2038957776947505,31.2233746661685,0,Medium,Reorder 0 units to cover forecast plus safety stock.
1,102,65.0,24.30709952240881,0.62,4.861419904481762,29.16851942689057,0,Medium,Reorder 0 units to cover forecast plus safety stock.
1,103,61.0,24.533131659628808,0.68,4.906626331925762,29.43975799155457,0,Medium,Reorder 0 units to cover forecast plus safety stock.
2,101,94.0,25.9544969652077,0.64,5.190899393041541,31.14539635824924,0,Medium,Reorder 0 units to cover forecast plus safety stock.
2,102,17.0,23.85640402879247,0.58,4.771280805758494,28.627684834550962,11,Medium,Reorder 11 units to cover forecast plus safety stock.
2,103,84.0,24.375395498872564,0.6,4.8750790997745135,29.250474598647077,0,Medium,Reorder 0 units to cover forecast plus safety stock.
3,101,11.0,24.500106590082613,0.64,4.900021318016523,29.400127908099137,18,Medium,Reorder 18 units to cover forecast plus safety stock.
3,102,95.0,24.943960327217077,0.62,4.988792065443416,29.932752392660493,0,Medium,Reorder 0 units to cover forecast plus safety stock.
3,103,1.0,26.01947888847375,0.56,5.2038957776947505,31.2233746661685,30,Medium,Reorder 30 units to cover forecast plus safety stock.
1,101,9.0,25.15827001414726,0.66,5.031654002829452,30.18992401697671,21,Medium,Reorder 21 units to cover forecast plus safety stock.
1,102,78.0,27.52302125601294,0.64,5.504604251202588,33.027625507215525,0,Medium,Reorder 0 units to cover forecast plus safety stock.
1,103,9.0,24.51594411613038,0.58,4.903188823226077,29.41913293935646,20,Medium,Reorder 20 units to cover forecast plus safety stock.
2,101,15.0,25.150545970587263,0.62,5.030109194117453,30.180655164704717,15,Medium,Reorder 15 units to cover forecast plus safety stock.
2,103,43.0,23.75070486427111,0.68,4.750140972854222,28.500845837125333,0,Medium,Reorder 0 units to cover forecast plus safety stock.
3,101,46.0,25.96054228584726,0.56,5.192108457169453,31.152650743016714,0,Medium,Reorder 0 units to cover forecast plus safety stock.
3,103,28.0,26.534674772959523,0.62,5.306934954591905,31.84160972755143,3,Medium,Reorder 3 units to cover forecast plus safety stock.
1,101,37.0,24.355332734783072,0.68,4.871066546956615,29.22639928173969,0,Medium,Reorder 0 units to cover forecast plus safety stock.
1,102,49.0,24.521933626196088,0.68,4.904386725239218,29.426320351435304,0,Medium,Reorder 0 units to cover forecast plus safety stock.
2,101,31.0,25.319895110750817,0.66,5.063979022150164,30.38387413290098,0,Medium,Reorder 0 units to cover forecast plus safety stock.
2,102,72.0,26.054559340189435,0.54,5.210911868037887,31.26547120822732,0,Medium,Reorder 0 units to cover forecast plus safety stock.
2,103,31.0,25.499365623460093,0.56,5.099873124692019,30.59923874815211,0,Medium,Reorder 0 units to cover forecast plus safety stock.
3,101,17.0,24.533131659628808,0.68,4.906626331925762,29.43975799155457,12,Medium,Reorder 12 units to cover forecast plus safety stock.
3,102,85.0,25.234582182472167,0.68,5.046916436494434,30.2814986189666,0,Medium,Reorder 0 units to cover forecast plus safety stock.
3,103,84.0,25.12914637125477,0.68,5.025829274250954,30.154975645505722,0,Medium,Reorder 0 units to cover forecast plus safety stock.
1,101,95.0,26.505359400669303,0.68,5.301071880133861,31.806431280803164,0,Medium,Reorder 0 units to cover forecast plus safety stock.
1,102,66.0,25.319895110750817,0.64,5.063979022150164,30.38387413290098,0,Medium,Reorder 0 units to cover forecast plus safety stock.
1,103,35.0,26.00229134497533,0.58,5.2004582689950665,31.202749613970397,0,Medium,Reorder 0 units to cover forecast plus safety stock.
2,101,31.0,25.31510551678139,0.6,5.063021103356278,30.378126620137667,0,Medium,Reorder 0 units to cover forecast plus safety stock.
2,102,24.0,24.43063118785173,0.62,4.8861262375703465,29.316757425422075,5,Medium,Reorder 5 units to cover forecast plus safety stock.
2,103,50.0,24.8582181338044,0.68,4.97164362676088,29.82986176056528,0,Medium,Reorder 0 units to cover forecast plus safety stock.
3,101,20.0,25.30405758470305,0.64,5.0608115169406105,30.36486910164366,10,Medium,Reorder 10 units to cover forecast plus safety stock.
3,102,21.0,25.146227769605915,0.54,5.029245553921183,30.175473323527097,9,Medium,Reorder 9 units to cover forecast plus safety stock.
3,103,78.0,26.591847068415117,0.72,5.3183694136830235,31.91021648209814,0,High,Reorder 0 units to cover forecast plus safety stock.
