date,store_id,product_id,stock_level
2023-01-01,1,101,57.0
2023-01-02,1,101,4.0
2023-01-03,1,101,4.0
2023-01-04,1,101,93.0
2023-01-05,1,101,95.0
2023-01-06,1,101,7.0
2023-01-07,1,101,63.0
2023-01-08,1,101,9.0
2023-01-09,1,101,37.0
2023-01-10,1,101,95.0
2023-01-01,1,102,
2023-01-02,1,102,
2023-01-03,1,102,
2023-01-04,1,102,
2023-01-05,1,102,
2023-01-06,1,102,
2023-01-07,1,102,65.0
2023-01-08,1,102,78.0
2023-01-09,1,102,49.0
2023-01-10,1,102,66.0
2023-01-01,1,103,48.0
2023-01-02,1,103,35.0
2023-01-03,1,103,67.0
2023-01-04,1,103,77.0
2023-01-05,1,103,40.0
2023-01-06,1,103,88.0
2023-01-07,1,103,61.0
2023-01-08,1,103,9.0
2023-01-09,1,103,20.0
2023-01-10,1,103,35.0
2023-01-01,2,101,11.0
2023-01-02,2,101,90.0
2023-01-03,2,101,1.0
2023-01-04,2,101,12.0
2023-01-05,2,101,52.0
2023-01-06,2,101,31.0
2023-01-07,2,101,94.0
2023-01-08,2,101,15.0
2023-01-09,2,101,31.0
2023-01-10,2,101,31.0
2023-01-01,2,102,97.0
2023-01-02,2,102,10.0
2023-01-03,2,102,9.0
2023-01-04,2,102,14.0
2023-01-05,2,102,16.0
2023-01-06,2,102,39.0
2023-01-07,2,102,17.0
2023-01-08,2,102,54.0
2023-01-09,2,102,72.0
2023-01-10,2,102,24.0
2023-01-01,2,103,58.0
2023-01-02,2,103,77.0
2023-01-03,2,103,88.0
2023-01-04,2,103,21.0
2023-01-05,2,103,29.0
2023-01-06,2,103,83.0
2023-01-07,2,103,84.0
2023-01-08,2,103,43.0
2023-01-09,2,103,31.0
2023-01-10,2,103,50.0
2023-01-01,3,101,45.0
2023-01-02,3,101,20.0
2023-01-03,3,101,98.0
2023-01-04,3,101,31.0
2023-01-05,3,101,93.0
2023-01-06,3,101,38.0
2023-01-07,3,101,11.0
2023-01-08,3,101,46.0
2023-01-09,3,101,17.0
2023-01-10,3,101,20.0
2023-01-01,3,102,12.0
2023-01-02,3,102,20.0
2023-01-03,3,102,7.0
2023-01-04,3,102,45.0
2023-01-05,3,102,6.0
2023-01-06,3,102,22.0
2023-01-07,3,102,95.0
2023-01-08,3,102,74.0
2023-01-09,3,102,85.0
2023-01-10,3,102,21.0
2023-01-01,3,103,88.0
2023-01-02,3,103,21.0
2023-01-03,3,103,91.0
2023-01-04,3,103,28.0
2023-01-05,3,103,12.0
2023-01-06,3,103,81.0
2023-01-07,3,103,1.0
2023-01-08,3,103,28.0
2023-01-09,3,103,84.0
2023-01-10,3,103,78.0
