transaction_id,date,store_id,product_id,quantity,price
0,,1,101,0,20.27525866442627
1,,2,102,3,41.66713011859305
2,,1,103,7,8.605168087310382
3,,1,103,-4,45.26674952272374
4,,2,101,-5,29.64165692691813
5,,1,102,7,41.77839964831222
6,,2,101,4,25.354322803323505
7,,1,103,6,33.96099628384362
8,,3,101,8,28.688119742125096
9,,3,101,-4,37.921528478989934
10,,1,102,1,8.67334919137653
11,,1,102,-3,7.715843779575371
12,,1,103,4,16.11964553045659
13,,3,101,-4,12.179510605093476
14,,1,101,8,44.23026049664907
15,,3,101,5,14.864629431111995
16,,2,103,1,48.91393651186091
17,,3,103,7,20.160310629699808
18,,3,102,7,13.195306205991468
19,,2,102,-4,40.53643282141156
20,,3,102,-3,34.64184989753942
21,2023-01-01,1,101,5,27.418807240391253
22,2023-01-10,1,101,1,29.991359792193407
23,2023-01-06,3,102,8,37.36408002225187
24,2023-01-09,1,101,-2,15.280463359908442
25,2023-01-01,3,102,7,49.83502622255339
26,2023-01-10,1,103,8,48.86569229660524
27,2023-01-03,1,102,-5,34.26465588561216
28,2023-01-07,3,103,7,13.979410291811531
29,2023-01-04,1,101,8,35.61027090940811
30,2023-01-09,3,102,-1,8.248928404062912
31,2023-01-03,1,101,6,6.379362599261273
32,2023-01-05,1,103,3,16.595729983004617
33,2023-01-03,2,103,2,25.818033053269232
34,2023-01-07,2,103,6,44.072262743377124
35,2023-01-05,3,101,9,37.72260813948386
36,2023-01-09,2,101,3,38.42179345399914
37,2023-01-07,3,101,4,24.14720005016339
38,2023-01-02,2,101,8,20.56707466461333
39,2023-01-04,1,103,3,21.696744334307123
40,2023-01-09,3,103,9,49.444230368122604
41,2023-01-02,3,102,1,6.804913613561712
42,2023-01-10,1,102,-2,44.01641732551018
43,2023-01-09,3,101,-1,31.040393385757703
44,2023-01-10,3,103,-5,24.73769386353157
45,2023-01-05,2,103,8,37.636594718681145
46,2023-01-02,3,103,-5,26.90010236411163
47,2023-01-04,1,102,-3,44.304045713674725
48,2023-01-07,2,102,7,45.53158388050663
49,2023-01-08,2,103,8,23.977441709305495
50,2023-01-03,1,103,2,17.45725087557732
51,2023-01-01,1,103,8,31.6557647867013
52,2023-01-04,2,102,-4,46.05635055275109
53,2023-01-02,3,103,-2,14.479798505254996
54,2023-01-08,2,103,-4,33.03349626035673
55,2023-01-04,1,101,8,33.42020990416343
56,2023-01-02,2,101,-1,37.99008600868764
57,2023-01-06,1,102,3,10.920545830726692
58,2023-01-06,2,103,-5,37.212123410693984
59,2023-01-10,3,103,-1,45.906463429953845
60,2023-01-04,2,101,8,13.085739899160888
61,2023-01-06,2,102,9,15.689449621574493
62,2023-01-02,1,101,3,48.71277923187378
63,2023-01-10,1,101,9,13.14396287192704
64,2023-01-02,1,101,-5,43.447329201631064
65,2023-01-10,2,101,3,27.152503540161565
66,2023-01-04,3,103,2,16.125398348142966
67,2023-01-08,1,103,-2,44.183745557263016
68,2023-01-07,1,101,6,25.038736475119947
69,2023-01-09,2,102,5,28.166780926836058
70,2023-01-08,1,102,4,21.165501622989456
71,2023-01-05,3,102,-1,31.682788314571734
72,2023-01-02,3,102,7,12.358574266326025
73,2023-01-05,1,101,-1,22.598669149329233
74,2023-01-08,1,103,5,48.62355450508794
75,2023-01-10,2,102,6,16.61600447155074
76,2023-01-09,3,101,0,34.55314990435815
77,2023-01-09,3,102,1,19.633552890111268
78,2023-01-01,1,102,2,39.80629065589703
79,2023-01-09,2,101,9,10.889314732325742
80,2023-01-07,3,103,8,48.64194702853451
81,2023-01-09,3,103,2,25.420529362263768
82,2023-01-08,2,101,5,15.622270850590878
83,2023-01-01,2,103,8,8.307353629850569
84,2023-01-08,3,101,7,12.639105728939333
85,2023-01-08,3,101,-4,28.389827685020794
86,2023-01-03,2,101,3,20.165142939407882
87,2023-01-01,3,103,1,42.299751464717424
88,2023-01-08,1,101,-2,24.389938564781268
89,2023-01-03,1,102,-2,16.192142266443344
90,2023-01-03,2,103,5,32.77152439718135
91,2023-01-01,2,103,2,36.80497475984506
92,2023-01-05,2,103,-2,12.516885855542744
93,2023-01-10,1,103,7,12.542864732974294
94,2023-01-07,3,102,9,6.650214212009434
95,2023-01-10,1,103,0,38.13809067795383
96,2023-01-09,3,103,-1,34.87120374298123
97,2023-01-07,1,101,-3,26.358389408741626
98,2023-01-09,3,103,7,42.987670203613874
99,2023-01-08,1,102,8,41.255156882752395
100,2023-01-02,2,102,4,31.34094639785385
101,2023-01-01,1,102,5,44.07220762309664
102,2023-01-07,3,102,-4,14.26285445165457
103,2023-01-07,1,103,3,10.036382872897754
104,2023-01-08,1,103,4,17.138732518264533
105,2023-01-05,1,102,3,7.568908524019168
106,2023-01-03,2,102,-5,28.90262876004644
107,2023-01-08,1,103,4,47.14725615327327
108,2023-01-06,2,102,-3,6.770459330082934
109,2023-01-03,2,101,2,10.494946130451206
110,2023-01-01,1,102,0,25.348956272754588
111,2023-01-03,1,102,-1,47.02437578875572
112,2023-01-05,1,101,-1,19.22702472395377
113,2023-01-03,3,101,0,27.82556639097766
114,2023-01-01,1,103,9,6.870778657267644
115,2023-01-05,2,103,1,11.675444043293998
116,2023-01-10,1,101,-5,49.39835553314811
117,2023-01-07,3,101,3,48.430341339622046
118,2023-01-07,1,103,-3,5.222299142048433
119,2023-01-09,3,102,-2,47.83153034404575
120,2023-01-10,3,101,4,33.760397201697515
121,2023-01-10,1,103,-5,44.056323253401
122,2023-01-03,2,102,7,25.46329350352366
123,2023-01-07,3,101,5,28.20182128606626
124,2023-01-01,1,102,4,26.99809611156141
125,2023-01-04,1,103,-3,35.008891589574695
126,2023-01-04,2,101,-4,11.284306464034081
127,2023-01-05,3,102,-4,6.348811544270508
128,2023-01-07,3,101,8,18.856847371603592
129,2023-01-07,1,102,-5,36.7106343231491
130,2023-01-04,1,103,2,14.083405345532677
131,2023-01-07,2,103,-3,35.30445949962128
132,2023-01-03,2,101,-3,48.64604207482717
133,2023-01-06,3,102,0,9.225532210523827
134,2023-01-02,3,101,7,35.267095320130686
135,2023-01-10,1,101,2,24.968759868705703
136,2023-01-09,3,102,7,44.06640144698774
137,2023-01-05,2,102,9,12.971740525132367
138,2023-01-06,2,102,3,36.168167850177404
139,2023-01-04,1,103,3,42.71518803416496
140,2023-01-10,2,101,-2,47.50763987633105
141,2023-01-07,2,101,8,35.74616127303406
142,2023-01-09,2,103,-1,27.37286438037923
143,2023-01-07,2,102,-4,32.80312580905462
144,2023-01-01,1,103,5,44.10072430154232
145,2023-01-01,1,103,3,30.677438598747337
146,2023-01-09,3,103,2,6.367417686357658
147,2023-01-09,2,101,-3,46.892691297814004
148,2023-01-04,3,103,5,36.02870379642025
149,2023-01-09,1,101,6,35.443102359976095
150,2023-01-03,1,101,7,14.705381857897272
151,2023-01-07,1,101,3,34.64984616046957
152,2023-01-06,1,102,-3,22.72389825443713
153,2023-01-08,1,101,3,34.30548396686714
154,2023-01-09,1,101,-4,9.796686363859582
155,2023-01-05,1,102,6,34.60303870713662
156,2023-01-01,2,101,4,49.973617659679995
157,2023-01-03,3,103,3,7.169541748725021
158,2023-01-10,1,103,9,48.97283828995928
159,2023-01-08,2,101,2,23.310858232529178
160,2023-01-06,2,102,3,44.18390526517666
161,2023-01-08,3,103,-1,40.2073467826223
162,2023-01-09,1,102,5,30.51573174440005
163,2023-01-04,3,102,5,38.23021441630969
164,2023-01-01,1,103,-4,44.533200258560655
165,2023-01-01,2,102,2,23.186314474296484
166,2023-01-10,2,103,6,19.716492270345743
167,2023-01-04,2,102,9,35.04170235036131
168,2023-01-07,2,103,0,41.35306738735664
169,2023-01-02,3,101,2,39.30283106494771
170,2023-01-03,1,103,5,40.901614198638555
171,2023-01-01,1,103,-1,24.601249166581987
172,2023-01-05,3,103,4,41.802539727875974
173,2023-01-01,1,103,-4,10.40940749167738
174,2023-01-08,2,102,0,29.50200940823823
175,2023-01-01,1,101,-1,5.259139722415471
176,2023-01-01,2,103,6,19.606362345512164
177,2023-01-02,3,102,7,21.490769069212906
178,2023-01-02,1,101,6,22.827771122416493
179,2023-01-06,3,101,-1,36.2960243010438
180,2023-01-07,1,101,7,22.48511455716556
181,2023-01-05,2,101,-5,25.19121301801388
182,2023-01-01,3,103,-4,15.689485889344736
183,2023-01-01,1,103,2,21.796330623320305
184,2023-01-03,2,102,7,15.227133226841817
185,2023-01-02,3,102,8,8.293816569579963
186,2023-01-05,3,102,7,32.155186702162005
187,2023-01-10,1,101,-3,35.06957593497573
188,2023-01-06,1,101,4,32.877065570432656
189,2023-01-07,1,103,-3,25.857231971025755
190,2023-01-04,2,101,2,22.09036010806534
191,2023-01-07,1,101,2,43.850014230732135
192,2023-01-08,3,101,-4,28.35868033112981
193,2023-01-01,3,102,2,26.563184493337893
194,2023-01-06,1,102,5,6.153892961289606
195,2023-01-08,1,103,7,20.356152243177036
196,2023-01-05,3,101,7,22.108802845363567
197,2023-01-04,2,101,-5,22.947025140360523
198,2023-01-02,1,103,0,31.107756615229953
199,2023-01-06,1,101,2,29.01211460270953
200,2023-01-06,3,101,-3,32.35572917570501
201,2023-01-01,1,102,2,39.41974676939577
202,2023-01-09,2,103,6,41.584358242224205
203,2023-01-06,3,103,-5,37.31553843019225
204,2023-01-03,1,103,5,47.99856631797206
205,2023-01-04,3,103,5,5.820466220436273
206,2023-01-04,1,102,3,13.810009355759574
207,2023-01-03,1,102,7,5.340329374016395
208,2023-01-10,1,101,5,34.13636213695713
209,2023-01-03,2,101,7,45.41137470274941
210,2023-01-03,2,101,3,15.956703345933468
211,2023-01-04,3,101,-1,46.7165545158338
212,2023-01-07,1,102,4,7.712032563030238
213,2023-01-04,1,103,-2,47.04962120624814
214,2023-01-09,2,102,9,20.82302092578355
215,2023-01-01,1,101,5,9.563937280214743
216,2023-01-08,2,102,0,26.864229163384653
217,2023-01-07,1,103,6,16.554945547422857
218,2023-01-02,3,103,1,17.819280588286528
219,2023-01-08,1,102,-1,18.828048421682897
220,2023-01-01,1,102,5,41.13616540246986
221,2023-01-09,2,102,7,29.262257450386453
222,2023-01-09,1,101,4,19.008846462020163
223,2023-01-02,1,102,3,32.46502024899133
224,2023-01-07,2,102,-3,37.22678034004371
225,2023-01-10,3,102,9,17.26808003300902
226,2023-01-03,3,103,1,23.609709568640817
227,2023-01-07,2,103,4,10.48487420016264
228,2023-01-10,2,101,4,13.151720729060614
229,2023-01-09,2,101,5,35.65030342842422
230,2023-01-04,2,103,-1,13.164725646303213
231,2023-01-01,2,103,8,28.63235226501771
232,2023-01-02,3,103,1,36.90708177750947
233,2023-01-01,3,102,9,9.809461539263472
234,2023-01-05,2,102,-4,30.529049883300658
235,2023-01-05,1,103,-2,16.54532526656137
236,2023-01-07,2,102,-4,48.33170938569109
237,2023-01-09,1,102,8,26.759554102396613
238,2023-01-09,2,101,7,41.26966473988212
239,2023-01-03,2,103,7,29.76019439703178
240,2023-01-03,3,103,6,6.953563978466862
241,2023-01-03,1,102,1,33.491811901731005
242,2023-01-04,1,103,-4,47.813150399299566
243,2023-01-08,3,101,7,32.072531906584906
244,2023-01-06,3,101,8,41.86349867420556
245,2023-01-08,3,101,5,44.78929085067835
246,2023-01-01,3,103,-5,15.263589737701961
247,2023-01-08,1,103,3,14.5420177958702
248,2023-01-04,1,103,-5,32.49414449829463
249,2023-01-01,2,103,2,23.49628114130171
250,2023-01-08,2,103,9,42.79375862900242
251,2023-01-04,3,101,-4,45.5010405529105
252,2023-01-06,3,102,6,20.903962068622313
253,2023-01-08,3,101,2,15.659175153851693
254,2023-01-04,2,103,7,40.123648185973785
255,2023-01-03,2,101,-3,17.366271599666124
256,2023-01-09,2,103,0,42.01764433311553
257,2023-01-03,2,103,-3,24.068221414194326
258,2023-01-09,2,101,8,35.03974546811617
259,2023-01-02,2,103,1,9.299089122560067
260,2023-01-02,2,102,4,33.07366961044578
261,2023-01-02,3,103,3,25.32954554317531
262,2023-01-06,3,102,-4,31.397380842896336
263,2023-01-03,3,102,9,12.560639348518855
264,2023-01-09,3,103,6,38.15931852248819
265,2023-01-04,2,101,6,43.825868489445284
266,2023-01-01,1,102,9,14.753291004084904
267,2023-01-04,2,101,8,9.307154998407277
268,2023-01-01,1,102,-1,6.063736372085138
269,2023-01-05,3,103,7,33.88871751994697
270,2023-01-04,2,103,0,32.31923162399514
271,2023-01-08,3,102,-2,29.60138357213315
272,2023-01-08,2,103,-2,15.437619325218893
273,2023-01-07,3,102,-2,22.59076981574816
274,2023-01-03,1,103,-4,31.751435083377785
275,2023-01-01,1,101,-2,27.354508648662623
276,2023-01-01,1,103,5,49.45034840966993
277,2023-01-03,2,101,-5,11.13978886505299
278,2023-01-06,1,103,6,36.28150493214172
279,2023-01-07,2,101,0,23.194344564693147
280,2023-01-06,1,103,-5,24.268982671652665
281,2023-01-06,1,101,4,37.29189945461793
282,2023-01-06,2,102,0,36.15962680959663
283,2023-01-03,2,102,-5,49.60651971659848
284,2023-01-06,1,101,0,10.777743025435635
285,2023-01-08,2,103,4,9.684934222287485
286,2023-01-02,1,101,2,37.59524677079335
287,2023-01-05,2,103,5,31.02741126528841
288,2023-01-01,3,102,-4,17.337229995191265
289,2023-01-01,3,103,-4,8.573871604504397
290,2023-01-05,3,102,8,8.854621231839374
291,2023-01-03,3,103,9,45.238589359885324
292,2023-01-04,3,103,7,13.634029612343431
293,2023-01-03,1,103,6,19.551720295198436
294,2023-01-01,3,101,-2,15.199538100214461
295,2023-01-01,3,101,5,20.97483376243718
296,2023-01-05,3,102,-3,8.124072923574202
297,2023-01-06,3,102,-2,28.357690590872167
298,2023-01-03,2,101,7,8.04256536164967
299,2023-01-09,1,102,6,41.01604285200627
300,2023-01-05,3,101,1,15.517043685969487
301,2023-01-08,3,103,7,29.300536157202977
302,2023-01-01,3,102,5,44.60355894026562
303,2023-01-05,1,102,-5,34.28948160712374
304,2023-01-03,2,101,0,28.983100394810087
305,2023-01-01,1,102,9,19.595018890191902
306,2023-01-04,2,102,9,19.985086087618907
307,2023-01-05,3,103,-3,35.12691298391856
308,2023-01-07,3,102,5,49.73627125495254
309,2023-01-01,1,103,4,34.78276354322204
310,2023-01-03,1,101,1,30.10025378165112
311,2023-01-02,2,102,4,37.87927296076607
312,2023-01-09,2,103,-4,25.934252552767315
313,2023-01-10,1,101,8,7.706405417035334
314,2023-01-06,2,102,-4,30.30335671450594
315,2023-01-10,1,101,7,48.093137802742106
316,2023-01-03,2,102,-2,12.888632406094684
317,2023-01-08,1,101,-5,36.05022008692996
318,2023-01-08,1,101,-3,14.042015989657541
319,2023-01-02,1,103,7,29.11224580128866
320,2023-01-06,2,101,3,9.350440234102383
321,2023-01-07,2,102,1,25.26669213161833
322,2023-01-02,2,102,9,39.027349800286075
323,2023-01-10,1,103,1,20.640718590754194
324,2023-01-02,2,102,7,34.92102760192481
325,2023-01-10,2,102,7,40.79524823553781
326,2023-01-01,1,102,5,46.72300187657537
327,2023-01-08,3,101,-2,15.558893683495409
328,2023-01-01,1,101,-4,22.969216211418868
329,2023-01-09,2,102,9,11.858720599868784
330,2023-01-06,1,103,8,49.661757597126886
331,2023-01-07,3,101,-2,46.71504355659329
332,2023-01-10,1,103,0,29.29807086262518
333,2023-01-07,2,102,5,42.89149824693896
334,2023-01-10,3,102,5,28.4431089772419
335,2023-01-03,2,101,-3,33.06135596012419
336,2023-01-02,3,102,-5,9.010599445220748
337,2023-01-09,3,101,8,38.987168922356354
338,2023-01-08,1,102,6,10.747106763585567
339,2023-01-10,1,102,2,42.173043361363774
340,2023-01-07,2,101,6,40.191263945167364
341,2023-01-09,1,101,7,36.89351139843394
342,2023-01-04,1,101,-1,6.627217123614296
343,2023-01-04,3,102,9,18.64077601753979
344,2023-01-01,1,102,-1,16.840065645987927
345,2023-01-08,3,103,5,21.20613833621836
346,2023-01-03,3,101,-2,8.943923604372735
347,2023-01-07,3,102,0,47.163102036397824
348,2023-01-02,2,102,-3,29.921100832056933
349,2023-01-02,2,101,3,18.74859397961106
350,2023-01-07,2,103,-1,22.864168268342755
351,2023-01-06,3,101,-3,25.124114322717606
352,2023-01-03,2,103,5,32.02674500122778
353,2023-01-09,2,102,-5,28.2055742463424
354,2023-01-10,1,103,4,46.37263879464878
355,2023-01-06,2,102,6,27.363356730762362
356,2023-01-10,2,101,0,49.64711066704907
357,2023-01-10,3,101,9,43.31412309852931
358,2023-01-06,3,101,-4,14.382973146080111
359,2023-01-01,3,103,7,46.876784658976234
360,2023-01-04,3,102,-3,10.236487904846424
361,2023-01-10,3,101,-5,41.78523688210362
362,2023-01-06,3,101,3,22.128048206446103
363,2023-01-06,2,102,2,44.508844420028126
364,2023-01-05,3,101,6,44.06255105483527
365,2023-01-01,3,102,-4,41.26664300529295
366,2023-01-08,1,102,9,40.551369633817764
367,2023-01-05,2,102,6,18.710561259411836
368,2023-01-05,2,102,5,8.641367737306348
369,2023-01-07,2,102,2,23.134108044432267
370,2023-01-04,3,103,6,12.808603174392891
371,2023-01-06,3,101,8,36.272799000610775
372,2023-01-04,3,103,3,20.57448769420035
373,2023-01-03,1,101,-5,48.90245903869617
374,2023-01-07,3,103,7,33.84374348053994
375,2023-01-08,1,102,-1,42.011625363546244
376,2023-01-04,2,101,2,10.963610273383178
377,2023-01-02,3,101,9,43.790651702268015
378,2023-01-10,1,103,5,46.52407357310275
379,2023-01-03,1,103,8,26.917786346852115
380,2023-01-01,3,101,-4,32.281382198793985
381,2023-01-08,2,103,-2,39.416441040634794
382,2023-01-03,2,103,1,12.867738226718565
383,2023-01-10,2,103,-3,27.61547344085491
384,2023-01-07,1,102,7,22.93983624975409
385,2023-01-10,1,102,6,11.58682964730121
386,2023-01-05,1,103,-1,21.539049003118915
387,2023-01-10,1,103,2,8.06775392234721
388,2023-01-05,2,102,6,6.161535812726914
389,2023-01-07,3,102,4,11.082483011967025
390,2023-01-09,1,101,-3,48.34018002151282
391,2023-01-05,1,101,-2,29.728829115275765
392,2023-01-01,2,102,8,48.4619972518949
393,2023-01-10,3,103,9,24.462404524855938
394,2023-01-10,3,103,3,19.03172598883668
395,2023-01-01,2,103,8,27.776383827810985
396,2023-01-02,2,103,8,24.778025988480955
397,2023-01-06,3,101,1,9.754910791778476
398,2023-01-09,1,102,-5,33.837184161059284
399,2023-01-08,3,103,8,14.721718212931982
400,2023-01-05,2,101,6,32.88145797040233
401,2023-01-01,1,103,-2,34.259049157916905
402,2023-01-07,1,102,-2,11.841118390789164
403,2023-01-05,2,101,3,7.760733219980067
404,2023-01-06,2,102,0,40.13427137307979
405,2023-01-07,2,102,3,25.691019069619408
406,2023-01-03,3,101,6,7.6173707977464105
407,2023-01-10,3,101,9,49.76898427263952
408,2023-01-03,1,101,0,7.600125244836499
409,2023-01-05,2,101,0,36.27658529863489
410,2023-01-06,1,101,-1,49.265551636853615
411,2023-01-09,1,101,-1,15.763104689716652
412,2023-01-05,1,101,-4,11.401221590923829
413,2023-01-01,1,103,2,10.462322274009301
414,2023-01-04,2,102,2,18.6473816405418
415,2023-01-05,1,101,5,9.5470614954791
416,2023-01-10,2,103,7,36.147260376235934
417,2023-01-10,2,103,-5,7.8031309158528215
418,2023-01-05,3,103,2,27.923995766740536
419,2023-01-07,2,102,-1,49.85135842338396
420,2023-01-04,3,101,-4,41.628662127770845
421,2023-01-01,2,103,8,32.68487472039549
422,2023-01-05,2,102,-4,18.781412935397526
423,2023-01-07,2,102,8,33.07531263312373
424,2023-01-10,3,102,9,28.716865876024322
425,2023-01-10,3,103,9,24.173752275066718
426,2023-01-06,1,101,0,10.881966953308977
427,2023-01-05,3,103,5,44.897189685821004
428,2023-01-04,3,103,7,25.24030919695951
429,2023-01-02,3,101,3,13.758013031934428
430,2023-01-04,3,101,-5,21.549170789478033
431,2023-01-10,1,101,6,23.635838863801716
432,2023-01-10,3,102,0,42.23920530050934
433,2023-01-03,2,101,3,38.01264712526309
434,2023-01-10,2,103,2,39.61872021386029
435,2023-01-01,3,101,5,5.496406899289124
436,2023-01-08,3,103,0,23.72692991808927
437,2023-01-05,2,102,-3,26.66048682358956
438,2023-01-04,2,103,2,5.863652457037551
439,2023-01-08,1,103,3,16.69159439352654
440,2023-01-07,2,101,-5,39.21304204049608
441,2023-01-02,2,101,6,11.169936757804958
442,2023-01-01,3,103,3,29.088955915366626
443,2023-01-04,2,101,8,14.684084240775688
444,2023-01-08,1,102,9,5.545434858975197
445,2023-01-02,2,102,0,15.854065591979367
446,2023-01-03,3,101,0,48.91431897095242
447,2023-01-01,3,102,6,41.06917003473453
448,2023-01-01,2,101,-2,48.1809489944465
449,2023-01-03,3,103,-5,26.95343197668631
450,2023-01-05,1,103,4,9.938128940487658
451,2023-01-03,1,102,2,29.65817700381618
452,2023-01-01,2,101,-4,25.44698005519824
453,2023-01-01,2,101,6,42.99606872328272
454,2023-01-08,2,102,-5,9.413716135291006
455,2023-01-10,3,103,-4,26.97085116598002
456,2023-01-02,1,102,-5,11.75218991122929
457,2023-01-03,1,103,-5,19.6104167100527
458,2023-01-02,3,101,3,38.18106848245098
459,2023-01-03,1,103,7,26.420815821594495
460,2023-01-07,2,102,8,21.91497283155962
461,2023-01-01,2,101,-5,22.75143253565159
462,2023-01-10,2,102,7,25.675104578269398
463,2023-01-08,1,102,-2,40.32574447266756
464,2023-01-10,2,103,4,45.14381100231055
465,2023-01-10,3,102,0,47.99006089267677
466,2023-01-10,3,103,1,40.410652381488276
467,2023-01-02,1,101,-4,19.19331030866057
468,2023-01-03,3,103,0,35.966061773894396
469,2023-01-09,3,101,1,24.692140582492637
470,2023-01-07,1,103,4,16.460177992072303
471,2023-01-04,2,102,8,42.83922107416652
472,2023-01-10,2,103,4,6.7291857033046245
473,2023-01-05,2,103,-4,45.57928964609406
474,2023-01-02,1,101,9,25.766485908113037
475,2023-01-08,3,102,-4,33.67406645637262
476,2023-01-04,2,103,4,34.67092649926022
477,2023-01-09,2,102,1,45.280298331794135
478,2023-01-05,1,103,6,33.65013569752433
479,2023-01-09,2,103,-5,32.62701131420278
480,2023-01-04,1,102,2,7.999341825231048
481,2023-01-10,3,103,5,28.328360987534182
482,2023-01-05,1,102,7,11.757605036766874
483,2023-01-09,1,103,-3,38.18451959246685
484,2023-01-08,1,101,5,28.04998643657035
485,2023-01-03,1,102,0,35.6102500643759
486,2023-01-01,3,103,3,6.875280527107292
487,2023-01-03,3,103,0,8.815640722061145
488,2023-01-04,2,101,3,37.2345524628207
489,2023-01-02,3,102,1,8.243795119940302
490,2023-01-01,3,103,9,8.206552749436637
491,2023-01-07,2,101,3,5.544881385569935
492,2023-01-08,3,103,-4,48.0425629234766
493,2023-01-07,1,102,6,38.18787617565531
494,2023-01-05,1,103,2,20.896313382592886
495,2023-01-01,2,103,2,18.344101157944486
496,2023-01-07,2,103,-4,20.73664533856323
497,2023-01-07,2,103,6,39.85940890315318
498,2023-01-09,1,101,8,34.761677498168645
499,2023-01-03,3,101,-2,13.333800554036056
